{
  "IcoMoonType": "selection",
  "icons": [
    {
      "icon": {
        "paths": [
          "M2622.368 550.118c24.992-24.994 24.992-65.516 0-90.51l-407.29-407.293c-24.998-24.994-65.517-24.994-90.515 0-24.992 24.994-24.992 65.516 0 90.509l362.042 362.039-362.042 362.036c-24.992 24.998-24.992 65.517 0 90.515 24.998 24.992 65.517 24.992 90.515 0l407.29-407.296zM2.094 568.863h2575.020v-128h-2575.020v128z"
        ],
        "attrs": [],
        "width": 2688,
        "grid": 0,
        "tags": [
          "Arrow 1"
        ]
      },
      "attrs": [],
      "properties": {
        "order": 50,
        "id": 0,
        "name": "Arrow",
        "prevSize": 32
      },
      "setIdx": 0,
      "setId": 8,
      "iconIdx": 0
    }
  ],
  "height": 1024,
  "preferences": {
    "showGlyphs": true,
    "showQuickUse": true,
    "showQuickUse2": false,
    "showSVGs": true,
    "fontPref": {
      "prefix": "icon-",
      "metadata": {
        "fontFamily": "icomoon"
      },
      "metrics": {
        "emSize": 1024,
        "baseline": 6.25,
        "whitespace": 50
      },
      "embed": false
    },
    "imagePref": {
      "prefix": "",
      "png": false,
      "useClassSelector": true,
      "color": 0,
      "bgColor": 16777215,
      "classSelector": ".icon",
      "name": "icomoon",
      "height": 32,
      "columns": 16,
      "margin": 16
    },
    "historySize": 50,
    "showCodes": true,
    "gridSize": 16
  }
}